last_name,first_name,email,phone,student_id
Hodge,Raja,Mauris@consequat.com,1-809-425-8434,86178833-EC3C-F15F-0535-2077CEF6D847
Lyons,Kennedy,volutpat.Nulla@tellusNunc.co.uk,1-883-401-5587,791D59B7-EBDB-F783-B2C5-3C9B713130C9
Torres,Graiden,tempus.non.lacinia@purusDuis.com,1-952-120-5888,6ADE8F6B-CB78-C8C1-F0D6-3B924C9CFBFE
Vinson,Brian,est.vitae@accumsanlaoreetipsum.edu,1-544-863-3265,FAF3EFAC-577C-09F2-44AB-CAD2EED83F2C
Sargent,Wylie,vitae@luctus.edu,1-801-898-6570,3E753C29-329B-9D9D-BA7F-4DF3F5126A33
Klein,Abbot,odio@egetipsum.ca,1-251-356-7945,52F777E0-131F-79A9-AAAF-1F00B4427E80
Daugherty,Halla,faucibus.Morbi@amet.net,1-794-189-8769,4B12149B-1B11-3B65-419C-2E8B64E76B97
Bird,Daniel,convallis.convallis@pretiumaliquet.ca,1-730-604-1776,7EF51E75-27CB-FEB9-3E5A-F83AF4F14851
Randall,Jelani,Donec.tempor.est@mauris.com,1-886-399-7941,9F644A1E-B5B3-EE05-6A62-5DD7ACE69260
Hoover,Clinton,nec.malesuada@In.com,1-282-791-2622,24EAF737-AD0A-6A95-0CB1-E0AD938FD9D8
Shelton,Zeus,Vivamus.rhoncus.Donec@semeget.ca,1-129-127-4821,F727E942-5077-927C-151C-835D2A1FF7F4
Reed,Hanna,ligula.elit.pretium@semper.org,1-247-409-1129,269F3396-A8FE-C446-0606-CE9DE546502C
Mcgee,Dora,risus@natoquepenatibuset.ca,1-695-798-8054,4899362E-CE92-13C7-6CE7-888A50D49208
Gould,Ulysses,felis@SeddictumProin.co.uk,1-332-978-2811,49DCD5E2-32C8-5E66-21B2-F68306065E5A
Malone,Quon,egestas.Duis@lacusQuisque.edu,1-899-586-4365,5B4FBA83-8A5C-64D7-BA45-23586AF71211
Porter,Karly,luctus.et.ultrices@tristiquesenectus.net,1-435-756-6807,92A96DAE-63D2-C66A-57BD-13A3A7C44190
Sanchez,Shelly,Curabitur.vel.lectus@nostra.org,1-898-517-0594,36498678-270E-B10F-637C-C426AFFA6F10
Short,Russell,ipsum@anteiaculis.org,1-894-316-3714,0C95203E-DE85-8C43-A6E6-48A06DDEFA5A
English,Darius,amet@Cum.co.uk,1-662-884-5660,01D1C989-418E-BBD4-9476-613B1745D23A
Shelton,Raphael,nulla@egestasadui.com,1-337-447-8208,92F8F094-7E26-1B3E-3652-B3A27279DBDD
Hebert,Paloma,velit.Pellentesque.ultricies@hendrerita.co.uk,1-295-114-1637,C932014A-0698-F64E-CDC6-85467F9FA09E
Dorsey,Chiquita,euismod.est.arcu@convallisdolor.co.uk,1-465-325-2986,6663196E-D7E1-5D41-4D3E-DDD8361CF391
Bates,Raja,torquent@Proineget.co.uk,1-917-477-8791,22BEF536-5350-A7CA-30C7-DAEBB2C52743
Frazier,Paula,tortor.dictum@blandit.com,1-936-778-7229,8E15A787-A1D9-B172-B849-53D71EC580CC
Snyder,Sylvia,Ut.tincidunt.vehicula@justonec.com,1-574-962-6262,E5CB67B6-2A64-C20E-3E8E-286F02B6205A
Finch,Ursula,egestas.Sed.pharetra@Aliquamerat.com,1-411-282-3559,96F9A006-2BC0-D018-04AB-898E00EA46E2
Church,Hadley,interdum.ligula.eu@diamDuismi.net,1-659-315-4780,3C006906-EAC6-83AE-1DA0-B57F98BC6EB2
Valdez,Clinton,ac.mi.eleifend@egestasblandit.edu,1-110-999-5324,17DCDE50-E355-72CD-D279-C1BB2072F3AE
Brooks,Hilary,faucibus.Morbi.vehicula@quisdiamPellentesque.edu,1-394-225-2720,32440175-D202-DA8F-D03A-F26D6F2765D4
Luna,Davis,libero.nec.ligula@lectusjustoeu.org,1-209-720-1401,BA1DDBE3-E9A5-912C-F566-5211D8B84D08
Nichols,Savannah,adipiscing@sagittisDuis.edu,1-703-542-5195,65C414B9-D8AA-6485-77B2-B8DDF15F91E9
Mills,Uriah,vitae.aliquam.eros@metusfacilisis.net,1-147-951-6678,A49FF7D9-8A28-C1A6-175C-2E3FD2C4D229
Workman,Camden,tellus.sem@acfeugiatnon.co.uk,1-500-685-8712,0327B041-CEE1-EC2A-DEF6-91E57DD71AED
Maldonado,Bianca,Vivamus@Utnec.net,1-610-891-7103,CB9C1E66-A4A0-F07D-D16C-C77FBCB80F2B
Beasley,Cherokee,commodo.at.libero@Lorem.ca,1-734-911-3696,12B5798D-4E25-E6F4-1F3C-A00E8E937561
Gay,Amery,non.dapibus@ac.ca,1-750-210-6434,D0F35BF2-3EBF-E642-C824-D46AEBAC0B68
Spears,Emmanuel,pede@ante.edu,1-103-121-0872,EE8ACA7B-A756-1E03-C4F6-25C515F75267
Torres,Jordan,Mauris.eu@Maurisvestibulumneque.com,1-296-305-8576,1634903D-572C-23BF-BF87-BB82B10383F7
Poole,Ulric,laoreet@malesuada.com,1-372-979-6396,EEC1B50F-694D-D692-7F10-3437AF2C2835
Meadows,Zeph,dictum@NullamenimSed.co.uk,1-596-171-2425,36AC09A8-4E87-7B84-6B1C-E3F7A98554BE
Brewer,Heather,mi.Duis@velmauris.ca,1-371-132-3631,86E4A19C-CB32-07C7-E34B-9D13D2FC6F0E
Bolton,Daquan,nunc.est.mollis@interdumligulaeu.com,1-550-357-6545,767D3AD4-F10A-BA72-F4C4-F0D9F83B17AA
Christian,Mason,molestie.Sed.id@Nuncpulvinararcu.ca,1-752-172-9570,F382DF97-94DA-338F-A877-B10F495DF4A1
Garner,Thor,non.enim@blanditmattis.org,1-370-157-7803,D6C02C5F-7D34-8C50-ADA1-C02928A78DF8
Kennedy,Clio,Donec.est@cursusluctusipsum.co.uk,1-705-362-2302,A4A5240B-0775-B859-662D-C62C4B995268
Strickland,Libby,eu@antelectusconvallis.net,1-586-299-3381,960DFD7D-B5FE-4EB3-C118-91CF410AFC69
Howe,Wanda,quis@ut.org,1-984-621-8162,75DCCA4F-BCED-0B52-7D79-864529CFCF88
Clay,Len,sit.amet.dapibus@quamCurabitur.edu,1-863-161-7524,2880DECC-2674-463C-7D2D-DF04CC2C60BB
Marshall,Libby,lacus.Quisque@nonmassanon.net,1-369-923-0970,D6BB9FCF-1A85-FC67-3B68-9357EA5E3405
Santana,Lilah,adipiscing.lobortis.risus@Quisque.ca,1-749-392-6157,6F72EFCE-ACED-1C7E-7B35-B716587F951B
Battle,Ingrid,cursus@Loremipsumdolor.ca,1-613-535-0547,5BE919F0-4DF1-387F-DD87-35DACACDE006
Compton,Jerome,nonummy.ac@urnasuscipitnonummy.ca,1-530-586-3680,B9F8FEDA-46E7-3453-4B61-8B48E7CC09AC
Vaughn,Raven,mus.Aenean.eget@euaccumsansed.ca,1-625-230-2137,AB3242D8-EAD1-190E-444D-73BBD99220A6
Whitfield,Jolene,massa@tinciduntdui.co.uk,1-933-609-9740,8929C822-EF1C-20FC-F1B9-1145146A8ED1
Rivera,Griffith,magnis.dis@urnaetarcu.ca,1-696-607-8470,4088FB37-BE2F-4CC6-E7A7-B1003D1661F4
Parsons,Channing,sit@eunibhvulputate.org,1-426-405-4709,1AC530C0-B139-F678-E69A-1683D7FF598F
Hogan,Orli,ac.ipsum.Phasellus@eratVivamus.edu,1-107-678-7494,BC2ED432-E161-3F23-1958-70DC1D1C57DF
Weaver,Natalie,gravida@sed.ca,1-114-829-4173,B46462B1-0678-250B-5E7C-2239C7805562
Franklin,Latifah,cubilia.Curae.Phasellus@sitametluctus.net,1-947-682-1289,CE72ADE0-5E31-B6CE-0288-AE8056A43EB6
Walton,Trevor,diam.eu.dolor@liberoat.ca,1-937-272-3099,CA4C523A-7E36-5FAC-9462-905D0801ACA9
Delgado,Gray,rutrum.eu.ultrices@nec.org,1-627-202-5026,C71C7D9F-27F5-B94B-A1F1-B72C7DAB8DAA
Santiago,Kasimir,Suspendisse.dui@nonsollicitudina.net,1-767-929-1585,0888471F-5940-1CFB-3B35-E65BEA17A778
Horton,Thane,tortor.Nunc@dolorquam.co.uk,1-654-343-4182,58B17C4E-5280-D7CD-CC6B-3689C19E428A
Welch,Tucker,at@ipsumacmi.net,1-887-360-3294,CFE81B23-1951-AB49-80EE-D61E487BC95B
Galloway,Kyle,velit.dui.semper@pede.com,1-701-722-0530,A9871932-90BD-941F-B772-940D30D0E720
Contreras,Natalie,commodo.at@erosNam.org,1-571-467-4837,98B665A8-9E6B-D303-CB0D-CF5BEDB3E71E
Ferrell,Aline,lectus.Nullam@ametante.co.uk,1-805-367-9518,52615E3A-7B8E-EA45-8A2F-654A0C12C3ED
Gonzales,Yoko,arcu@velest.edu,1-972-446-5991,5E0A3FC0-29D5-CE80-9F1B-CC3890B32F3A
Nunez,Ila,nisi.magna.sed@sitamet.edu,1-929-722-9371,393172EA-D08D-E7A1-3760-C821539A6E3D
Knox,Ethan,sed.dui.Fusce@consectetuer.com,1-327-631-6233,73103BEF-8AB1-0832-06ED-A2FA928C595F
Holder,Victoria,euismod.urna.Nullam@nibhDonec.co.uk,1-784-251-7889,0BAD3EBC-D9C4-F6DE-06C2-D8BA0C7CF2BF
Harvey,Ruth,sit.amet.faucibus@sodales.co.uk,1-664-460-9585,60B4324B-5504-31AB-9E93-5DC062A108A0
Sanchez,Diana,Cum.sociis@Fusce.co.uk,1-757-205-2566,7EBBA903-D5BA-6799-8C2A-8B5512A7EE4F
Castro,Alvin,ipsum@Crasdictum.edu,1-520-150-7495,B2D6D75B-6B85-8102-D850-79B63ADFA88F
Byers,Rhona,Proin.eget@tristiquepellentesque.org,1-125-310-2730,D7F551D4-80A1-E1FE-F438-7747378514F2
Leon,Cadman,vitae.aliquam.eros@tinciduntorci.net,1-813-174-1135,E1B18D48-F8C0-F618-0729-FB01475737E4
Mack,Dennis,aliquet.diam.Sed@nec.com,1-384-631-5243,3310356C-CC01-B692-1AB2-CB0F8481226E
Johns,Helen,Fusce.fermentum.fermentum@blanditat.com,1-210-602-2704,F0415AC5-8389-B50F-24CF-E3A50E307AAB
Valenzuela,Quynn,ac.feugiat@Integertinciduntaliquam.com,1-877-234-2333,48D08F98-D56D-0528-9C90-CC78DBEBB023
Barton,Cole,magna.Praesent@vulputateveliteu.ca,1-128-793-6631,F8393643-61C7-A060-ADFF-3A68020CE966
Dotson,Nina,dignissim.tempor@Integer.edu,1-897-320-7975,A7246DAE-1446-483A-1D00-D69A4D31EBB4
Day,Jacqueline,fringilla.mi@Duisdignissim.org,1-988-969-8508,71CC4BD8-2018-027B-8B7A-B743C5B1B7AD
Riddle,Brody,lorem.lorem.luctus@tincidunt.edu,1-258-934-3223,EA3DC0A2-B53F-C367-5FC2-135BA713A649
Thomas,Mariko,orci.Donec.nibh@eleifend.org,1-268-772-8624,AEB98E6F-F2C5-75C7-C974-7FE29E2B99F7
Freeman,Keane,Donec.est.Nunc@dolorsitamet.org,1-342-447-3297,52F914BF-E215-8D25-5BE1-7AAC66CA8556
Fields,Aristotle,ultricies@scelerisquemollis.net,1-170-901-3516,09B4748D-2774-E455-E429-3E682899CCB5
Gentry,Sybill,Donec.elementum.lorem@idante.com,1-349-494-4082,E6FF28E3-5172-6DB6-9FBE-EF0E68D7A135
Livingston,Suki,et.nunc@dictumaugue.net,1-859-945-4879,12304A57-EAC4-D5E0-CB48-AE643088C7D0
Webster,Jocelyn,orci@vitaepurus.edu,1-290-952-5093,7613CED7-9479-F46B-190C-6A6CD6DEA8D8
Hinton,Karly,tristique.senectus.et@sollicitudinorci.co.uk,1-173-635-6664,BB555BE4-6CCF-E9B8-4594-8789EFB8166A
Cote,Ivy,molestie@lorem.ca,1-325-723-5949,3011A235-BDDD-500A-0E7D-C7B28742FC53
Mann,Lucius,nec.metus.facilisis@montesnascetur.co.uk,1-905-698-5105,784CD3D5-6FDE-1ADB-7634-DE549C07FF1D
Mills,Nasim,justo.Proin.non@Vivamuseuismodurna.edu,1-846-428-9856,6C21F884-A266-EF02-EB20-610E25CA5928
Vang,Bert,nec@orciUt.org,1-743-858-4840,08617B3A-39FE-408B-D27D-F89C76CB6462
Webb,Chaim,ac@Duiselementum.edu,1-312-777-9445,EB11207C-F9D8-1637-F38F-973B556E5241
Joyce,Kyle,amet.dapibus@odio.ca,1-828-748-8944,9F7A8EF5-0EC6-BF2B-E667-A77276267CFE
Holmes,Kelsey,per@semPellentesque.ca,1-854-178-7785,A68E1A8D-7B9B-D7AE-563E-D225E0F605F2
Carpenter,Alyssa,scelerisque.neque@afacilisis.org,1-845-226-1689,07977ECC-E78E-94E9-9954-D28F36FD5BF2
Lawson,Callie,a@erategettincidunt.edu,1-612-363-6321,74DFC849-7319-2F57-04D1-9D0EDC5062F8
Dixon,Cadman,congue.elit@etrutrum.edu,1-848-773-1712,9236440B-08D6-08F4-9441-996F9BACF45B
A,hopefully,else,something,
